<?xml version="1.0" encoding="UTF-8"?>
<metadata xml:lang="en"><Esri><CreaDate>20150317</CreaDate><CreaTime>18111700</CreaTime><ArcGISFormat>1.0</ArcGISFormat><SyncOnce>TRUE</SyncOnce><DataProperties><lineage><Process ToolSource="c:\program files\arcgis\desktop10.2\ArcToolbox\Toolboxes\Data Management Tools.tbx\CalculateField" Date="20141017" Time="134740">CalculateField khm_admbnda_adm3_gov HRName [HR_Name] VB #</Process><Process ToolSource="c:\program files\arcgis\desktop10.2\ArcToolbox\Toolboxes\Data Management Tools.tbx\CalculateField" Date="20141017" Time="134919">CalculateField khm_admbnda_adm3_gov HRPCode [HR_Code] VB #</Process><Process ToolSource="c:\program files\arcgis\desktop10.2\ArcToolbox\Toolboxes\Data Management Tools.tbx\CalculateField" Date="20141017" Time="135124">CalculateField khm_admbnda_adm3_gov HRParent [HR_Parent] VB #</Process><Process ToolSource="c:\program files\arcgis\desktop10.2\ArcToolbox\Toolboxes\Data Management Tools.tbx\CalculateField" Date="20150324" Time="112628">CalculateField khm_admbnda_adm3_gov COM_NAME [HRName] VB #</Process><Process ToolSource="c:\program files\arcgis\desktop10.2\ArcToolbox\Toolboxes\Data Management Tools.tbx\CalculateField" Date="20150324" Time="113055">CalculateField khm_admbnda_adm3_gov PRO_CODE [DIS_CODE]/10 VB #</Process><Process ToolSource="c:\program files\arcgis\desktop10.2\ArcToolbox\Toolboxes\Data Management Tools.tbx\CalculateField" Date="20150324" Time="113102">CalculateField khm_admbnda_adm3_gov PRO_CODE [DIS_CODE]/100 VB #</Process></lineage><itemProps><itemLocation><linkage Sync="TRUE">file://\\WFPKH-D7R2D2S\D$\WFP_Cambodia\HRF\KHM_Administrative_Boundary_update\khm_admbnda_adm3_gov</linkage><protocol Sync="TRUE">Local Area Network</protocol></itemLocation></itemProps><copyHistory><copy source="D:\WFP_Cambodia\HRF\KHM_Administrative_Boundary\khm_admbnda_adm3_gov" dest="\\WFPKH-D7R2D2S\D$\WFP_Cambodia\HRF\KHM_Administrative_Boundary_update\khm_admbnda_adm3_gov" date="20150317" time="18111700"></copy></copyHistory></DataProperties></Esri></metadata>
